<?xml version="1.0" encoding="UTF-8"?>
<!DOCTYPE configuration
        PUBLIC "-//mybatis.org//DTD Config 3.0//EN"
        "http://mybatis.org/dtd/mybatis-3-config.dtd">
<configuration>
    <settings>
        <setting name="mapUnderscoreToCamelCase" value="true"/>
        <setting name="cacheEnabled" value="false"/>
        <setting name="useGeneratedKeys" value="true"/>
        <!--<setting name="defaultExecutorType" value="REUSE" />-->
        <setting name="lazyLoadingEnabled" value="false"/>
        <setting name="logImpl" value="LOG4J"/>
    </settings>
</configuration>