<assembly
        xmlns="http://maven.apache.org/plugins/maven-assembly-plugin/assembly/1.1.2"
        xmlns:xsi="http://www.w3.org/2001/XMLSchema-instance"
        xsi:schemaLocation="http://maven.apache.org/plugins/maven-assembly-plugin/assembly/1.1.2 http://maven.apache.org/xsd/assembly-1.1.2.xsd">
    <id>bin</id>
    <formats>
        <format>jar</format>
    </formats>
    <includeBaseDirectory>false</includeBaseDirectory>
    <moduleSets>
        <moduleSet>

            <!-- Enable access to all projects in the current multimodule build! -->
            <useAllReactorProjects>true</useAllReactorProjects>
            <sources>
                <includeModuleDirectory>false</includeModuleDirectory>
                <fileSets>
                    <fileSet>
                        <directory>target/classes</directory>
                        <outputDirectory>/</outputDirectory>
                    </fileSet>
                </fileSets>
            </sources>
        </moduleSet>
    </moduleSets>
</assembly>