<?xml version="1.0" encoding="UTF-8"?>
<!DOCTYPE mapper PUBLIC "-//mybatis.org//DTD Mapper 3.0//EN" "http://mybatis.org/dtd/mybatis-3-mapper.dtd">
<mapper namespace="com.tmall.pokemon.bulbasaur.persist.mapper.ProcessDOMapper">
  <resultMap id="BaseResultMap" type="com.tmall.pokemon.bulbasaur.persist.domain.ProcessDO">
    <id column="id" jdbcType="BIGINT" property="id" />
    <result column="biz_id" jdbcType="VARCHAR" property="bizId" />
    <result column="definition_name" jdbcType="VARCHAR" property="definitionName" />
    <result column="definition_version" jdbcType="INTEGER" property="definitionVersion" />
    <result column="own_sign" jdbcType="VARCHAR" property="ownSign" />
    <result column="current_state_name" jdbcType="VARCHAR" property="currentStateName" />
    <result column="status" jdbcType="VARCHAR" property="status" />
    <result column="gmt_create" jdbcType="TIMESTAMP" property="gmtCreate" />
    <result column="gmt_modified" jdbcType="TIMESTAMP" property="gmtModified" />
    <result column="alias" jdbcType="VARCHAR" property="alias" />
  </resultMap>
  <sql id="Example_Where_Clause">
    <where>
      <foreach collection="oredCriteria" item="criteria" separator="or">
        <if test="criteria.valid">
          <trim prefix="(" prefixOverrides="and" suffix=")">
            <foreach collection="criteria.criteria" item="criterion">
              <choose>
                <when test="criterion.noValue">
                  and ${criterion.condition}
                </when>
                <when test="criterion.singleValue">
                  and ${criterion.condition} #{criterion.value}
                </when>
                <when test="criterion.betweenValue">
                  and ${criterion.condition} #{criterion.value} and #{criterion.secondValue}
                </when>
                <when test="criterion.listValue">
                  and ${criterion.condition}
                  <foreach close=")" collection="criterion.value" item="listItem" open="(" separator=",">
                    #{listItem}
                  </foreach>
                </when>
              </choose>
            </foreach>
          </trim>
        </if>
      </foreach>
    </where>
  </sql>
  <sql id="Update_By_Example_Where_Clause">
    <where>
      <foreach collection="example.oredCriteria" item="criteria" separator="or">
        <if test="criteria.valid">
          <trim prefix="(" prefixOverrides="and" suffix=")">
            <foreach collection="criteria.criteria" item="criterion">
              <choose>
                <when test="criterion.noValue">
                  and ${criterion.condition}
                </when>
                <when test="criterion.singleValue">
                  and ${criterion.condition} #{criterion.value}
                </when>
                <when test="criterion.betweenValue">
                  and ${criterion.condition} #{criterion.value} and #{criterion.secondValue}
                </when>
                <when test="criterion.listValue">
                  and ${criterion.condition}
                  <foreach close=")" collection="criterion.value" item="listItem" open="(" separator=",">
                    #{listItem}
                  </foreach>
                </when>
              </choose>
            </foreach>
          </trim>
        </if>
      </foreach>
    </where>
  </sql>
  <sql id="Base_Column_List">
    id, biz_id, definition_name, definition_version, own_sign, current_state_name, status, 
    gmt_create, gmt_modified, alias
  </sql>
  <select id="selectByExample" parameterType="com.tmall.pokemon.bulbasaur.persist.domain.ProcessDOExample" resultMap="BaseResultMap">
    select
    <if test="distinct">
      distinct
    </if>
    <include refid="Base_Column_List" />
    from bulbasaur_p
    <if test="_parameter != null">
      <include refid="Example_Where_Clause" />
    </if>
    <if test="orderByClause != null">
      order by ${orderByClause}
    </if>
    <if test="limit != null">
      <if test="offset != null">
        limit ${offset}, ${limit}
      </if>
      <if test="offset == null">
        limit ${limit}
      </if>
    </if>
  </select>
  <select id="selectByPrimaryKey" parameterType="java.lang.Long" resultMap="BaseResultMap">
    select 
    <include refid="Base_Column_List" />
    from bulbasaur_p
    where id = #{id,jdbcType=BIGINT}
  </select>
  <delete id="deleteByPrimaryKey" parameterType="java.lang.Long">
    delete from bulbasaur_p
    where id = #{id,jdbcType=BIGINT}
  </delete>
  <delete id="deleteByExample" parameterType="com.tmall.pokemon.bulbasaur.persist.domain.ProcessDOExample">
    delete from bulbasaur_p
    <if test="_parameter != null">
      <include refid="Example_Where_Clause" />
    </if>
  </delete>
  <insert id="insert" parameterType="com.tmall.pokemon.bulbasaur.persist.domain.ProcessDO">
    <selectKey keyProperty="id" order="AFTER" resultType="java.lang.Long">
      SELECT LAST_INSERT_ID()
    </selectKey>
    insert into bulbasaur_p (biz_id, definition_name, definition_version, 
      own_sign, current_state_name, status, 
      gmt_create, gmt_modified, alias
      )
    values (#{bizId,jdbcType=VARCHAR}, #{definitionName,jdbcType=VARCHAR}, #{definitionVersion,jdbcType=INTEGER}, 
      #{ownSign,jdbcType=VARCHAR}, #{currentStateName,jdbcType=VARCHAR}, #{status,jdbcType=VARCHAR}, 
      #{gmtCreate,jdbcType=TIMESTAMP}, #{gmtModified,jdbcType=TIMESTAMP}, #{alias,jdbcType=VARCHAR}
      )
  </insert>
  <insert id="insertSelective" parameterType="com.tmall.pokemon.bulbasaur.persist.domain.ProcessDO">
    <selectKey keyProperty="id" order="AFTER" resultType="java.lang.Long">
      SELECT LAST_INSERT_ID()
    </selectKey>
    insert into bulbasaur_p
    <trim prefix="(" suffix=")" suffixOverrides=",">
      <if test="bizId != null">
        biz_id,
      </if>
      <if test="definitionName != null">
        definition_name,
      </if>
      <if test="definitionVersion != null">
        definition_version,
      </if>
      <if test="ownSign != null">
        own_sign,
      </if>
      <if test="currentStateName != null">
        current_state_name,
      </if>
      <if test="status != null">
        status,
      </if>
      <if test="gmtCreate != null">
        gmt_create,
      </if>
      <if test="gmtModified != null">
        gmt_modified,
      </if>
      <if test="alias != null">
        alias,
      </if>
    </trim>
    <trim prefix="values (" suffix=")" suffixOverrides=",">
      <if test="bizId != null">
        #{bizId,jdbcType=VARCHAR},
      </if>
      <if test="definitionName != null">
        #{definitionName,jdbcType=VARCHAR},
      </if>
      <if test="definitionVersion != null">
        #{definitionVersion,jdbcType=INTEGER},
      </if>
      <if test="ownSign != null">
        #{ownSign,jdbcType=VARCHAR},
      </if>
      <if test="currentStateName != null">
        #{currentStateName,jdbcType=VARCHAR},
      </if>
      <if test="status != null">
        #{status,jdbcType=VARCHAR},
      </if>
      <if test="gmtCreate != null">
        #{gmtCreate,jdbcType=TIMESTAMP},
      </if>
      <if test="gmtModified != null">
        #{gmtModified,jdbcType=TIMESTAMP},
      </if>
      <if test="alias != null">
        #{alias,jdbcType=VARCHAR},
      </if>
    </trim>
  </insert>
  <select id="countByExample" parameterType="com.tmall.pokemon.bulbasaur.persist.domain.ProcessDOExample" resultType="java.lang.Integer">
    select count(*) from bulbasaur_p
    <if test="_parameter != null">
      <include refid="Example_Where_Clause" />
    </if>
  </select>
  <update id="updateByExampleSelective" parameterType="map">
    update bulbasaur_p
    <set>
      <if test="record.id != null">
        id = #{record.id,jdbcType=BIGINT},
      </if>
      <if test="record.bizId != null">
        biz_id = #{record.bizId,jdbcType=VARCHAR},
      </if>
      <if test="record.definitionName != null">
        definition_name = #{record.definitionName,jdbcType=VARCHAR},
      </if>
      <if test="record.definitionVersion != null">
        definition_version = #{record.definitionVersion,jdbcType=INTEGER},
      </if>
      <if test="record.ownSign != null">
        own_sign = #{record.ownSign,jdbcType=VARCHAR},
      </if>
      <if test="record.currentStateName != null">
        current_state_name = #{record.currentStateName,jdbcType=VARCHAR},
      </if>
      <if test="record.status != null">
        status = #{record.status,jdbcType=VARCHAR},
      </if>
      <if test="record.gmtCreate != null">
        gmt_create = #{record.gmtCreate,jdbcType=TIMESTAMP},
      </if>
      <if test="record.gmtModified != null">
        gmt_modified = #{record.gmtModified,jdbcType=TIMESTAMP},
      </if>
      <if test="record.alias != null">
        alias = #{record.alias,jdbcType=VARCHAR},
      </if>
    </set>
    <if test="_parameter != null">
      <include refid="Update_By_Example_Where_Clause" />
    </if>
  </update>
  <update id="updateByExample" parameterType="map">
    update bulbasaur_p
    set id = #{record.id,jdbcType=BIGINT},
      biz_id = #{record.bizId,jdbcType=VARCHAR},
      definition_name = #{record.definitionName,jdbcType=VARCHAR},
      definition_version = #{record.definitionVersion,jdbcType=INTEGER},
      own_sign = #{record.ownSign,jdbcType=VARCHAR},
      current_state_name = #{record.currentStateName,jdbcType=VARCHAR},
      status = #{record.status,jdbcType=VARCHAR},
      gmt_create = #{record.gmtCreate,jdbcType=TIMESTAMP},
      gmt_modified = #{record.gmtModified,jdbcType=TIMESTAMP},
      alias = #{record.alias,jdbcType=VARCHAR}
    <if test="_parameter != null">
      <include refid="Update_By_Example_Where_Clause" />
    </if>
  </update>
  <update id="updateByPrimaryKeySelective" parameterType="com.tmall.pokemon.bulbasaur.persist.domain.ProcessDO">
    update bulbasaur_p
    <set>
      <if test="bizId != null">
        biz_id = #{bizId,jdbcType=VARCHAR},
      </if>
      <if test="definitionName != null">
        definition_name = #{definitionName,jdbcType=VARCHAR},
      </if>
      <if test="definitionVersion != null">
        definition_version = #{definitionVersion,jdbcType=INTEGER},
      </if>
      <if test="ownSign != null">
        own_sign = #{ownSign,jdbcType=VARCHAR},
      </if>
      <if test="currentStateName != null">
        current_state_name = #{currentStateName,jdbcType=VARCHAR},
      </if>
      <if test="status != null">
        status = #{status,jdbcType=VARCHAR},
      </if>
      <if test="gmtCreate != null">
        gmt_create = #{gmtCreate,jdbcType=TIMESTAMP},
      </if>
      <if test="gmtModified != null">
        gmt_modified = #{gmtModified,jdbcType=TIMESTAMP},
      </if>
      <if test="alias != null">
        alias = #{alias,jdbcType=VARCHAR},
      </if>
    </set>
    where id = #{id,jdbcType=BIGINT}
  </update>
  <update id="updateByPrimaryKey" parameterType="com.tmall.pokemon.bulbasaur.persist.domain.ProcessDO">
    update bulbasaur_p
    set biz_id = #{bizId,jdbcType=VARCHAR},
      definition_name = #{definitionName,jdbcType=VARCHAR},
      definition_version = #{definitionVersion,jdbcType=INTEGER},
      own_sign = #{ownSign,jdbcType=VARCHAR},
      current_state_name = #{currentStateName,jdbcType=VARCHAR},
      status = #{status,jdbcType=VARCHAR},
      gmt_create = #{gmtCreate,jdbcType=TIMESTAMP},
      gmt_modified = #{gmtModified,jdbcType=TIMESTAMP},
      alias = #{alias,jdbcType=VARCHAR}
    where id = #{id,jdbcType=BIGINT}
  </update>
</mapper>