<?xml version="1.0" encoding="UTF-8"?>
<!DOCTYPE mapper PUBLIC "-//mybatis.org//DTD Mapper 3.0//EN" "http://mybatis.org/dtd/mybatis-3-mapper.dtd">
<mapper namespace="com.tmall.pokemon.bulbasaur.persist.mapper.TaskDOMapper">
  <resultMap id="BaseResultMap" type="com.tmall.pokemon.bulbasaur.persist.domain.TaskDO">
    <id column="id" jdbcType="BIGINT" property="id" />
    <result column="gmt_create" jdbcType="TIMESTAMP" property="gmtCreate" />
    <result column="gmt_modified" jdbcType="TIMESTAMP" property="gmtModified" />
    <result column="name" jdbcType="VARCHAR" property="name" />
    <result column="end_time" jdbcType="TIMESTAMP" property="endTime" />
    <result column="biz_id" jdbcType="VARCHAR" property="bizId" />
    <result column="user_id" jdbcType="BIGINT" property="userId" />
    <result column="user_name" jdbcType="VARCHAR" property="userName" />
    <result column="memo" jdbcType="VARCHAR" property="memo" />
    <result column="assign_user_id" jdbcType="BIGINT" property="assignUserId" />
    <result column="assign_user_name" jdbcType="VARCHAR" property="assignUserName" />
    <result column="assign_time" jdbcType="TIMESTAMP" property="assignTime" />
    <result column="type" jdbcType="VARCHAR" property="type" />
    <result column="status" jdbcType="VARCHAR" property="status" />
    <result column="definition_name" jdbcType="VARCHAR" property="definitionName" />
    <result column="biz_info" jdbcType="VARCHAR" property="bizInfo" />
    <result column="creator_id" jdbcType="BIGINT" property="creatorId" />
    <result column="creator_name" jdbcType="VARCHAR" property="creatorName" />
    <result column="deal_result" jdbcType="VARCHAR" property="dealResult" />
  </resultMap>
  <sql id="Example_Where_Clause">
    <where>
      <foreach collection="oredCriteria" item="criteria" separator="or">
        <if test="criteria.valid">
          <trim prefix="(" prefixOverrides="and" suffix=")">
            <foreach collection="criteria.criteria" item="criterion">
              <choose>
                <when test="criterion.noValue">
                  and ${criterion.condition}
                </when>
                <when test="criterion.singleValue">
                  and ${criterion.condition} #{criterion.value}
                </when>
                <when test="criterion.betweenValue">
                  and ${criterion.condition} #{criterion.value} and #{criterion.secondValue}
                </when>
                <when test="criterion.listValue">
                  and ${criterion.condition}
                  <foreach close=")" collection="criterion.value" item="listItem" open="(" separator=",">
                    #{listItem}
                  </foreach>
                </when>
              </choose>
            </foreach>
          </trim>
        </if>
      </foreach>
    </where>
  </sql>
  <sql id="Update_By_Example_Where_Clause">
    <where>
      <foreach collection="example.oredCriteria" item="criteria" separator="or">
        <if test="criteria.valid">
          <trim prefix="(" prefixOverrides="and" suffix=")">
            <foreach collection="criteria.criteria" item="criterion">
              <choose>
                <when test="criterion.noValue">
                  and ${criterion.condition}
                </when>
                <when test="criterion.singleValue">
                  and ${criterion.condition} #{criterion.value}
                </when>
                <when test="criterion.betweenValue">
                  and ${criterion.condition} #{criterion.value} and #{criterion.secondValue}
                </when>
                <when test="criterion.listValue">
                  and ${criterion.condition}
                  <foreach close=")" collection="criterion.value" item="listItem" open="(" separator=",">
                    #{listItem}
                  </foreach>
                </when>
              </choose>
            </foreach>
          </trim>
        </if>
      </foreach>
    </where>
  </sql>
  <sql id="Base_Column_List">
    id, gmt_create, gmt_modified, name, end_time, biz_id, user_id, user_name, memo, assign_user_id, 
    assign_user_name, assign_time, type, status, definition_name, biz_info, creator_id, 
    creator_name, deal_result
  </sql>
  <select id="selectByExample" parameterType="com.tmall.pokemon.bulbasaur.persist.domain.TaskDOExample" resultMap="BaseResultMap">
    select
    <if test="distinct">
      distinct
    </if>
    <include refid="Base_Column_List" />
    from bulbasaur_t
    <if test="_parameter != null">
      <include refid="Example_Where_Clause" />
    </if>
    <if test="orderByClause != null">
      order by ${orderByClause}
    </if>
    <if test="limit != null">
      <if test="offset != null">
        limit ${offset}, ${limit}
      </if>
      <if test="offset == null">
        limit ${limit}
      </if>
    </if>
  </select>
  <select id="selectByPrimaryKey" parameterType="java.lang.Long" resultMap="BaseResultMap">
    select 
    <include refid="Base_Column_List" />
    from bulbasaur_t
    where id = #{id,jdbcType=BIGINT}
  </select>
  <delete id="deleteByPrimaryKey" parameterType="java.lang.Long">
    delete from bulbasaur_t
    where id = #{id,jdbcType=BIGINT}
  </delete>
  <delete id="deleteByExample" parameterType="com.tmall.pokemon.bulbasaur.persist.domain.TaskDOExample">
    delete from bulbasaur_t
    <if test="_parameter != null">
      <include refid="Example_Where_Clause" />
    </if>
  </delete>
  <insert id="insert" parameterType="com.tmall.pokemon.bulbasaur.persist.domain.TaskDO">
    <selectKey keyProperty="id" order="AFTER" resultType="java.lang.Long">
      SELECT LAST_INSERT_ID()
    </selectKey>
    insert into bulbasaur_t (gmt_create, gmt_modified, name, 
      end_time, biz_id, user_id, 
      user_name, memo, assign_user_id, 
      assign_user_name, assign_time, type, 
      status, definition_name, biz_info, 
      creator_id, creator_name, deal_result
      )
    values (#{gmtCreate,jdbcType=TIMESTAMP}, #{gmtModified,jdbcType=TIMESTAMP}, #{name,jdbcType=VARCHAR}, 
      #{endTime,jdbcType=TIMESTAMP}, #{bizId,jdbcType=VARCHAR}, #{userId,jdbcType=BIGINT}, 
      #{userName,jdbcType=VARCHAR}, #{memo,jdbcType=VARCHAR}, #{assignUserId,jdbcType=BIGINT}, 
      #{assignUserName,jdbcType=VARCHAR}, #{assignTime,jdbcType=TIMESTAMP}, #{type,jdbcType=VARCHAR}, 
      #{status,jdbcType=VARCHAR}, #{definitionName,jdbcType=VARCHAR}, #{bizInfo,jdbcType=VARCHAR}, 
      #{creatorId,jdbcType=BIGINT}, #{creatorName,jdbcType=VARCHAR}, #{dealResult,jdbcType=VARCHAR}
      )
  </insert>
  <insert id="insertSelective" parameterType="com.tmall.pokemon.bulbasaur.persist.domain.TaskDO">
    <selectKey keyProperty="id" order="AFTER" resultType="java.lang.Long">
      SELECT LAST_INSERT_ID()
    </selectKey>
    insert into bulbasaur_t
    <trim prefix="(" suffix=")" suffixOverrides=",">
      <if test="gmtCreate != null">
        gmt_create,
      </if>
      <if test="gmtModified != null">
        gmt_modified,
      </if>
      <if test="name != null">
        name,
      </if>
      <if test="endTime != null">
        end_time,
      </if>
      <if test="bizId != null">
        biz_id,
      </if>
      <if test="userId != null">
        user_id,
      </if>
      <if test="userName != null">
        user_name,
      </if>
      <if test="memo != null">
        memo,
      </if>
      <if test="assignUserId != null">
        assign_user_id,
      </if>
      <if test="assignUserName != null">
        assign_user_name,
      </if>
      <if test="assignTime != null">
        assign_time,
      </if>
      <if test="type != null">
        type,
      </if>
      <if test="status != null">
        status,
      </if>
      <if test="definitionName != null">
        definition_name,
      </if>
      <if test="bizInfo != null">
        biz_info,
      </if>
      <if test="creatorId != null">
        creator_id,
      </if>
      <if test="creatorName != null">
        creator_name,
      </if>
      <if test="dealResult != null">
        deal_result,
      </if>
    </trim>
    <trim prefix="values (" suffix=")" suffixOverrides=",">
      <if test="gmtCreate != null">
        #{gmtCreate,jdbcType=TIMESTAMP},
      </if>
      <if test="gmtModified != null">
        #{gmtModified,jdbcType=TIMESTAMP},
      </if>
      <if test="name != null">
        #{name,jdbcType=VARCHAR},
      </if>
      <if test="endTime != null">
        #{endTime,jdbcType=TIMESTAMP},
      </if>
      <if test="bizId != null">
        #{bizId,jdbcType=VARCHAR},
      </if>
      <if test="userId != null">
        #{userId,jdbcType=BIGINT},
      </if>
      <if test="userName != null">
        #{userName,jdbcType=VARCHAR},
      </if>
      <if test="memo != null">
        #{memo,jdbcType=VARCHAR},
      </if>
      <if test="assignUserId != null">
        #{assignUserId,jdbcType=BIGINT},
      </if>
      <if test="assignUserName != null">
        #{assignUserName,jdbcType=VARCHAR},
      </if>
      <if test="assignTime != null">
        #{assignTime,jdbcType=TIMESTAMP},
      </if>
      <if test="type != null">
        #{type,jdbcType=VARCHAR},
      </if>
      <if test="status != null">
        #{status,jdbcType=VARCHAR},
      </if>
      <if test="definitionName != null">
        #{definitionName,jdbcType=VARCHAR},
      </if>
      <if test="bizInfo != null">
        #{bizInfo,jdbcType=VARCHAR},
      </if>
      <if test="creatorId != null">
        #{creatorId,jdbcType=BIGINT},
      </if>
      <if test="creatorName != null">
        #{creatorName,jdbcType=VARCHAR},
      </if>
      <if test="dealResult != null">
        #{dealResult,jdbcType=VARCHAR},
      </if>
    </trim>
  </insert>
  <select id="countByExample" parameterType="com.tmall.pokemon.bulbasaur.persist.domain.TaskDOExample" resultType="java.lang.Integer">
    select count(*) from bulbasaur_t
    <if test="_parameter != null">
      <include refid="Example_Where_Clause" />
    </if>
  </select>
  <update id="updateByExampleSelective" parameterType="map">
    update bulbasaur_t
    <set>
      <if test="record.id != null">
        id = #{record.id,jdbcType=BIGINT},
      </if>
      <if test="record.gmtCreate != null">
        gmt_create = #{record.gmtCreate,jdbcType=TIMESTAMP},
      </if>
      <if test="record.gmtModified != null">
        gmt_modified = #{record.gmtModified,jdbcType=TIMESTAMP},
      </if>
      <if test="record.name != null">
        name = #{record.name,jdbcType=VARCHAR},
      </if>
      <if test="record.endTime != null">
        end_time = #{record.endTime,jdbcType=TIMESTAMP},
      </if>
      <if test="record.bizId != null">
        biz_id = #{record.bizId,jdbcType=VARCHAR},
      </if>
      <if test="record.userId != null">
        user_id = #{record.userId,jdbcType=BIGINT},
      </if>
      <if test="record.userName != null">
        user_name = #{record.userName,jdbcType=VARCHAR},
      </if>
      <if test="record.memo != null">
        memo = #{record.memo,jdbcType=VARCHAR},
      </if>
      <if test="record.assignUserId != null">
        assign_user_id = #{record.assignUserId,jdbcType=BIGINT},
      </if>
      <if test="record.assignUserName != null">
        assign_user_name = #{record.assignUserName,jdbcType=VARCHAR},
      </if>
      <if test="record.assignTime != null">
        assign_time = #{record.assignTime,jdbcType=TIMESTAMP},
      </if>
      <if test="record.type != null">
        type = #{record.type,jdbcType=VARCHAR},
      </if>
      <if test="record.status != null">
        status = #{record.status,jdbcType=VARCHAR},
      </if>
      <if test="record.definitionName != null">
        definition_name = #{record.definitionName,jdbcType=VARCHAR},
      </if>
      <if test="record.bizInfo != null">
        biz_info = #{record.bizInfo,jdbcType=VARCHAR},
      </if>
      <if test="record.creatorId != null">
        creator_id = #{record.creatorId,jdbcType=BIGINT},
      </if>
      <if test="record.creatorName != null">
        creator_name = #{record.creatorName,jdbcType=VARCHAR},
      </if>
      <if test="record.dealResult != null">
        deal_result = #{record.dealResult,jdbcType=VARCHAR},
      </if>
    </set>
    <if test="_parameter != null">
      <include refid="Update_By_Example_Where_Clause" />
    </if>
  </update>
  <update id="updateByExample" parameterType="map">
    update bulbasaur_t
    set id = #{record.id,jdbcType=BIGINT},
      gmt_create = #{record.gmtCreate,jdbcType=TIMESTAMP},
      gmt_modified = #{record.gmtModified,jdbcType=TIMESTAMP},
      name = #{record.name,jdbcType=VARCHAR},
      end_time = #{record.endTime,jdbcType=TIMESTAMP},
      biz_id = #{record.bizId,jdbcType=VARCHAR},
      user_id = #{record.userId,jdbcType=BIGINT},
      user_name = #{record.userName,jdbcType=VARCHAR},
      memo = #{record.memo,jdbcType=VARCHAR},
      assign_user_id = #{record.assignUserId,jdbcType=BIGINT},
      assign_user_name = #{record.assignUserName,jdbcType=VARCHAR},
      assign_time = #{record.assignTime,jdbcType=TIMESTAMP},
      type = #{record.type,jdbcType=VARCHAR},
      status = #{record.status,jdbcType=VARCHAR},
      definition_name = #{record.definitionName,jdbcType=VARCHAR},
      biz_info = #{record.bizInfo,jdbcType=VARCHAR},
      creator_id = #{record.creatorId,jdbcType=BIGINT},
      creator_name = #{record.creatorName,jdbcType=VARCHAR},
      deal_result = #{record.dealResult,jdbcType=VARCHAR}
    <if test="_parameter != null">
      <include refid="Update_By_Example_Where_Clause" />
    </if>
  </update>
  <update id="updateByPrimaryKeySelective" parameterType="com.tmall.pokemon.bulbasaur.persist.domain.TaskDO">
    update bulbasaur_t
    <set>
      <if test="gmtCreate != null">
        gmt_create = #{gmtCreate,jdbcType=TIMESTAMP},
      </if>
      <if test="gmtModified != null">
        gmt_modified = #{gmtModified,jdbcType=TIMESTAMP},
      </if>
      <if test="name != null">
        name = #{name,jdbcType=VARCHAR},
      </if>
      <if test="endTime != null">
        end_time = #{endTime,jdbcType=TIMESTAMP},
      </if>
      <if test="bizId != null">
        biz_id = #{bizId,jdbcType=VARCHAR},
      </if>
      <if test="userId != null">
        user_id = #{userId,jdbcType=BIGINT},
      </if>
      <if test="userName != null">
        user_name = #{userName,jdbcType=VARCHAR},
      </if>
      <if test="memo != null">
        memo = #{memo,jdbcType=VARCHAR},
      </if>
      <if test="assignUserId != null">
        assign_user_id = #{assignUserId,jdbcType=BIGINT},
      </if>
      <if test="assignUserName != null">
        assign_user_name = #{assignUserName,jdbcType=VARCHAR},
      </if>
      <if test="assignTime != null">
        assign_time = #{assignTime,jdbcType=TIMESTAMP},
      </if>
      <if test="type != null">
        type = #{type,jdbcType=VARCHAR},
      </if>
      <if test="status != null">
        status = #{status,jdbcType=VARCHAR},
      </if>
      <if test="definitionName != null">
        definition_name = #{definitionName,jdbcType=VARCHAR},
      </if>
      <if test="bizInfo != null">
        biz_info = #{bizInfo,jdbcType=VARCHAR},
      </if>
      <if test="creatorId != null">
        creator_id = #{creatorId,jdbcType=BIGINT},
      </if>
      <if test="creatorName != null">
        creator_name = #{creatorName,jdbcType=VARCHAR},
      </if>
      <if test="dealResult != null">
        deal_result = #{dealResult,jdbcType=VARCHAR},
      </if>
    </set>
    where id = #{id,jdbcType=BIGINT}
  </update>
  <update id="updateByPrimaryKey" parameterType="com.tmall.pokemon.bulbasaur.persist.domain.TaskDO">
    update bulbasaur_t
    set gmt_create = #{gmtCreate,jdbcType=TIMESTAMP},
      gmt_modified = #{gmtModified,jdbcType=TIMESTAMP},
      name = #{name,jdbcType=VARCHAR},
      end_time = #{endTime,jdbcType=TIMESTAMP},
      biz_id = #{bizId,jdbcType=VARCHAR},
      user_id = #{userId,jdbcType=BIGINT},
      user_name = #{userName,jdbcType=VARCHAR},
      memo = #{memo,jdbcType=VARCHAR},
      assign_user_id = #{assignUserId,jdbcType=BIGINT},
      assign_user_name = #{assignUserName,jdbcType=VARCHAR},
      assign_time = #{assignTime,jdbcType=TIMESTAMP},
      type = #{type,jdbcType=VARCHAR},
      status = #{status,jdbcType=VARCHAR},
      definition_name = #{definitionName,jdbcType=VARCHAR},
      biz_info = #{bizInfo,jdbcType=VARCHAR},
      creator_id = #{creatorId,jdbcType=BIGINT},
      creator_name = #{creatorName,jdbcType=VARCHAR},
      deal_result = #{dealResult,jdbcType=VARCHAR}
    where id = #{id,jdbcType=BIGINT}
  </update>
</mapper>